Workbook

Sheet DASHBOARD IRB PD
A1: INDIKATOR PENILAIAN | E1: BOBOT | F1: NILAI | G1: NILAI AKHIR | H1: % | I1: KETERANGAN | J1: EVALUATOR
A2: 1 | E2: 2 | F2: 3 | G2: 4 | H2: 5 | I2: 6 | J2: 7
A3: I. | B3: RB GENERAL PD | E3: =E4+E13+E20 -> 65 | G3: =G4+G13+G20 -> 65 | H3: =G3/E3*100 -> 100
B4: A. | C4: Capaian Sasaran Strategis | E4: =SUM(E5:E12) -> 36 | G4: =SUM(G5:G12) -> 36 | H4: =G4/E4*100 -> 100
C5: 1. | D5: Tingkat Kematangan SPBE Perangkat Daerah | E5: 6 | F5: ='INSTRUMEN INDIKATOR'!K5 -> 100 | G5: =F5*E5% -> 6 | H5: =G5/E5*100 -> 100 | I5: Nilai Kematangan Penerapan SPBE dan Statistik Sektoral pada Perangkat Daerah | J5: Dinas Komunikasi dan Informatika
C6: 2. | D6: Nilai SAKIP Perangkat Daerah | E6: 6 | F6: ='INSTRUMEN INDIKATOR'!K42 -> 100 | G6: =F6*E6% -> 6 | H6: =G6/E6*100 -> 100 | I6: Nilai Evaluasi Akuntabilitas Kinerja Internal | J6: Inspektorat Daerah
C7: 3. | D7: Capaian IKU Perangkat Daerah | E7: 4 | F7: ='INSTRUMEN INDIKATOR'!K48 -> 100 | G7: =F7*E7% -> 4 | H7: =G7/E7*100 -> 100 | I7: Tingkat Ketercapaian Indikator Kinerja Utama Perangkat Daerah sesuai Dokumen Rencana Strategis Perangkat Daerah | J7: Badan Perencanaan Pembangunan Daerah
C8: 4. | D8: Tindaklajut Rekomendasi (TLHP) | E8: 4 | F8: ='INSTRUMEN INDIKATOR'!K51 -> 100 | G8: =F8*E8% -> 4 | H8: =G8/E8*100 -> 100 | I8: Persentase Hasil Tindaklanjut Rekomendasi (TLHP) BPK dan APIP | J8: Inspektorat Daerah
C9: 5. | D9: Laporan Realisasi Anggaran | E9: 4 | F9: ='INSTRUMEN INDIKATOR'!K55 -> 100 | G9: =F9*E9% -> 4 | H9: =G9/E9*100 -> 100 | I9: Persentase Capaian Realisasi APBD tahun sebelumnya dan tahun berjalan | J9: Badan Pengelola Keuangan dan Aset Daerah
C10: 6. | D10: Indeks Budaya Kerja BerAKHLAK | E10: 4 | F10: ='INSTRUMEN INDIKATOR'!K60 -> 100 | G10: =F10*E10% -> 4 | H10: =G10/E10*100 -> 100 | I10: Nilai Hasil Survey Implementasi Kamus Kompetensi ASN BerAKHLAK | J10: Strategic Transformation Unit (STU)
C11: 7. | D11: Nilai Survei Kepuasan Masyarakat | E11: 4 | F11: ='INSTRUMEN INDIKATOR'!K63 -> 100 | G11: =F11*E11% -> 4 | H11: =G11/E11*100 -> 100 | I11: Nilai Hasil Survey Kepuasan Masyarakat pada Aplikasi SKM Terintegrasi | J11: Biro Organisasi Sekretariat Daerah
C12: 8. | D12: Tingkat Keberhasilan Pembangunan ZI | E12: 4 | F12: ='INSTRUMEN INDIKATOR'!K66 -> 100 | G12: =F12*E12% -> 4 | H12: =G12/E12*100 -> 100 | I12: Tingkat Capaian Pelaksanaan Pembangunan Zona Integritas | J12: Inspektorat Daerah
B13: B. | C13: Capaian Pelaksanaan Kebijakan RB | E13: =SUM(E14:E19) -> 24 | G13: =SUM(G14:G19) -> 24 | H13: =G13/E13*100 -> 100
C14: 1. | D14: Indeks Kualitas Pelayanan Publik | E14: 4 | F14: ='INSTRUMEN INDIKATOR'!K70 -> 100 | G14: =F14*E14% -> 4 | H14: =G14/E14*100 -> 100 | I14: Nilai Pengukuran Kualitas Pelayanan Publik Perangkat Daerah | J14: Biro Organisasi Sekretariat Daerah
C15: 2. | D15: Indeks Reformasi Hukum | E15: 4 | F15: ='INSTRUMEN INDIKATOR'!K108 -> 100 | G15: =F15*E15% -> 4 | H15: =G15/E15*100 -> 100 | I15: Nilai Pengukuran Implementasi Reformasi Hukum Perangkat Daerah | J15: Biro Hukum dan HAM Sekretariat Daerah
C16: 3. | D16: Tingkat tindak lanjut pengaduan masyarakat (LAPOR) | E16: 4 | F16: ='INSTRUMEN INDIKATOR'!K119 -> 100 | G16: =F16*E16% -> 4 | H16: =G16/E16*100 -> 100 | I16: Persentase Tindaklanjut Laporan Pengaduan melalui SP4N Lapor | J16: Dinas Komunikasi dan Informatika
C17: 4. | D17: Tingkat Digitalisasi Arsip | E17: 4 | F17: ='INSTRUMEN INDIKATOR'!K128 -> 100 | G17: =F17*E17% -> 4 | H17: =G17/E17*100 -> 100 | I17: Nilai Kualitas Pengelolaan Kearsipan Digital Perangkat Daerah | J17: Dinas Perpustakaan dan Kearsipan
C18: 5. | D18: Indeks Tata Kelola Pengadaan Barang/Jasa Perangkat Daerah | E18: 4 | F18: ='INSTRUMEN INDIKATOR'!K131 -> 100 | G18: =F18*E18% -> 4 | H18: =G18/E18*100 -> 100 | I18: Nilai Kepatuhan Pencatatan Pengadaan Barang/Jasa Pemerintah pada SPSE | J18: Biro Pengadaan Barang dan Jasa Sekretariat Daerah
C19: 6. | D19: Indeks Profesionalitas ASN | E19: 4 | F19: ='INSTRUMEN INDIKATOR'!K139 -> 100 | G19: =F19*E19% -> 4 | H19: =G19/E19*100 -> 100 | I19: Nilai Indeks Profesionalitas ASN Perangkat Daerah | J19: Badan Kepegawaian Daerah dan Badan Pengembangan Sumber Daya Manusia
B20: C. | C20: Capaian Strategis Pelaksanaan RB General | E20: =SUM(E21:E22) -> 5 | G20: =SUM(G21:G22) -> 5 | H20: =G20/E20*100 -> 100
C21: 1. | D21: Rencana Aksi Pembangunan RB General | E21: 2 | F21: ='INSTRUMEN INDIKATOR'!K146 -> 100 | G21: =F21*E21% -> 2 | H21: =G21/E21*100 -> 100 | I21: Dokumen Rencana Aksi Pembangunan RB General telah disusun dan ditetapkan sebagai dokumen formal | J21: Strategic Transformation Unit (STU)
C22: 2. | D22: Tingkat Implementasi Rencana Aksi Pembangunan RB General | E22: 3 | F22: ='INSTRUMEN INDIKATOR'!K149 -> 100 | G22: =F22*E22% -> 3 | H22: =G22/E22*100 -> 100 | I22: Persentase Capaian Rencana Aksi Pembangunan RB General | J22: Strategic Transformation Unit (STU)
A23: II. | B23: RB TEMATIK PERANGKAT DAERAH | E23: =E24+E27 -> 35 | G23: =G24+G27 -> 35 | H23: =G23/E23*100 -> 100
B24: A. | C24: Strategi Membangunan RB Tematik | E24: =SUM(E25:E26) -> 5 | G24: =SUM(G25:G26) -> 5 | H24: =G24/E24*100 -> 100
C25: 1. | D25: Rencana Aksi Pembangunan RB Tematik | E25: 2 | F25: ='INSTRUMEN INDIKATOR'!K154 -> 100 | G25: =F25*E25% -> 2 | H25: =G25/E25*100 -> 100 | I25: Dokumen Rencana Aksi Pembangunan RB Tematik telah disusun dan ditetapkan sebagai dokumen formal memuat logical framework | J25: Strategic Transformation Unit (STU)
C26: 2. | D26: Tingkat Implementasi Rencana Aksi Pembangunan RB Tematik | E26: 3 | F26: ='INSTRUMEN INDIKATOR'!K157 -> 100 | G26: =F26*E26% -> 3 | H26: =G26/E26*100 -> 100 | I26: Persentase Capaian Rencana Aksi Pembangunan RB Tematik | J26: Strategic Transformation Unit (STU)
B27: B. | C27: Capaian Dampak RB Tematik | E27: =SUM(E28:E30) -> 30 | G27: =SUM(G28:G30) -> 30 | H27: =G27/E27*100 -> 100
C28: 1. | D28: Peningkatan Penggunaan Produk Dalam Negeri | E28: 10 | F28: ='INSTRUMEN INDIKATOR'!K161 -> 100 | G28: =F28*E28% -> 10 | H28: =G28/E28*100 -> 100 | I28: Tingkat Realisasi Belanja Pengadaan Barang/Jasa Pemerintah pada setiap perangkat daerah yang menggunakan Produk Dalam Negeri/Tingkat Komponen Dalam Negeri (PDN/TKDN) | J28: Strategic Transformation Unit (STU) dan Tim P3DN
C29: 2. | D29: Digitalisasi Administrasi Pemerintahan | E29: 10 | F29: ='INSTRUMEN INDIKATOR'!K164 -> 100 | G29: =F29*E29% -> 10 | H29: =G29/E29*100 -> 100 | I29: Penyampaian 1 buah "Praktek Baik" Tata Kelola Pemerintahan Berbasis Elektronik (Digital Services) dalam bentuk Media Publikasi seperti majalah elektronik, artikel, jurnal, dll yang dikemas secara informatif dan menarik maksimal 5 halaman | J29: Tim Independen
C30: 3. | D30: Capaian Kinerja Core Business Organisasi | E30: 10 | F30: ='INSTRUMEN INDIKATOR'!K167 -> 100 | G30: =F30*E30% -> 10 | H30: =G30/E30*100 -> 100 | I30: Penyampaian 1 Buah "Praktek Baik" Implementasi RB Tematik (Public Services) dalam bentuk Media Publikasi seperti majalah elektronik, artikel, jurnal, dll yang dikemas secara informatif dan menarik maksimal 5 halaman | J30: Tim Independen
A31: TOTAL NILAI RB PD | E31: =E3+E23 -> 100 | G31: =G3+G23 -> 100 | H31: =G31/E31*100 -> 100

Sheet INSTRUMEN INDIKATOR
A1: Indikator Penilaian | G1: Bobot Nilai | H1: Penjelasan/Parameter/Instrumen Evaluasi | I1: Pilihan Jawaban | J1: Jawaban | K1: Nilai | L1: Bukti Dukung | M1: Penanggungjawab Evaluasi
A2: 1 | G2: 2 | H2: 3 | I2: 4 | J2: 5 | K2: 6 | L2: 7 | M2: 8
A3: I. | B3: RB GENERAL PD | G3: =AVERAGE(G4,G69,G145) -> 100 | K3: =AVERAGE(K4,K69,K145) -> 100
B4: A. | C4: Capaian Sasaran Strategis | G4: =AVERAGE(G5,G42,G48,G51,G55,G60,G63,G66) -> 100 | K4: =AVERAGE(K5,K42,K48,K51,K55,K60,K63,K66) -> 100
C5: 1. | D5: Tingkat Kematangan SPBE Perangkat Daerah | G5: =G6+G22+G37 -> 100 | H5: Nilai Kematangan Penerapan SPBE Perangkat Daerah | K5: =K6+K22+K37 -> 100
D6: 1.1 | E6: Tingkat Kematangan Kapabilitas Proses | G6: 50 | K6: =AVERAGE(K7:K21)*G6% -> 50
E7: a) | F7: Telah Memiliki Dokumen Arsitektur SPBE Perangkat Daerah | H7: A. Sudah Menyusun Arsitektur SPBE Domain Proses Bisnis, Layanan, Data dan Informasi, dan Aplikasi B. Sudah Menyusun Arsitektur SPBE Domain Proses Bisnis, Layanan dan Data dan Informasi C. Sudah Menyusun Arsitektur SPBE Domain Proses Bisnis dan Layanan D. Sudah Menyusun Arsitektur SPBE Domain Proses Bisnis | I7: A/B/C/D | J7: A | K7: =IF(I7="A/B/C/D",IF(J7="A",100,IF(J7="B",65,IF(J7="C",35,IF(J7="D",0,"Blm Diisi"))))) -> 100 | L7: Template excel versi Kemanpanrb 1. Domain Proses Bisnis (sampai level n dan kelengkapan metadata) 2. Domain Layanan (selaras dengan Standar Pelayanan Minimal/SPM dan/atau Standar Pelayanan/SP) 3. Domain Aplikasi (selaras dengan Layanan dan data/informasi-nya) 4. Domain Data dan Informasi (selaras dengan Aplikasi layanan, Aplikasi Satu Data/Satu Peta, dan Sistem Penghubung Layanan/SPL ataupun API) 5. Domain Infrastruktur (optional/wajib bagi yang memiliki infrastruktur sendiri dan memanfaatkan Pusat Data Nasional) 6. Domain Keamanan Informasi (optional/wajib bagi yang telah menerapkan Sistem Manajemen Keamanan Informasi/ISO 27001) | M7: Dinas Komunikasi & Informatika
E8: b) | F8: Telah Memiliki Dokumen Peta Rencana (Roadmap) Penerapan SPBE Perangkat Daerah | H8: Terdapat dokumen peta rencana (roadmap) SPBE | I8: Ya/Tidak | J8: Ya | K8: =IF(I8="Ya/Tidak",IF(J8="Ya",100,IF(J8="Tidak",0,"Blm Diisi"))) -> 100 | L8: Roadmap TIK yang dimiliki PD (Dokumen peta jalan TIK/Rencana Induk TIK/Masterplan Pengembangan TIK) dan Renstra PD | M8: Dinas Komunikasi & Informatika
E9: c) | F9: Telah mengalokasikan anggaran pelaksanaan SPBE setiap tahunnya | H9: A. Tindak lanjut hasil evaluasi Anggaran SPBE dalam bentuk RKA/ DPA TA berikutnya B. Terdapat dokumentasi hasil reviu dan evaluasi Anggaran SPBE C. Rencana dan Anggaran SPBE dikonsultasikan ke Diskominfo D. Terdapat Alokasi anggaran pelaksanaan SPBE setiap tahunnya pada Dokumen Pelaksanaan Anggaran | I9: A/B/C/D | J9: A | K9: =IF(I9="A/B/C/D",IF(J9="A",100,IF(J9="B",65,IF(J9="C",35,IF(J9="D",0,"Blm Diisi"))))) -> 100 | L9: Alokasi anggaran TIK diselaraskan antara roadmap dengan renstra | M9: Dinas Komunikasi & Informatika
E10: d) | F10: Telah melaksanakan Inovasi Peta Proses Bisnis | H10: A. Tindak Lanjut Evaluasi Proses Bisnis diterapkan kembali ke Sistem Elektronik Versi Berikutnya B. Reviu dan Evaluasi Proses Bisnis yang sudah diterapkan ke dalam Sistem Elektronik C. Terdapat Proses Bisnis yang sudah diterapkan ke dalam Sistem Elektronik D. Sudah Memiliki Peta Proses Bisnis | I10: A/B/C/D | J10: A | K10: =IF(I10="A/B/C/D",IF(J10="A",100,IF(J10="B",65,IF(J10="C",35,IF(J10="D",0,"Blm Diisi"))))) -> 100 | L10: Identifikasi inovasi berbasis TIK baru yang berbeda dengan proses bisnis sebelumnya | M10: Dinas Komunikasi & Informatika
E11: e) | F11: Telah menerapkan proses pembangunan Aplikasi SPBE sesuai siklus pembangunan aplikasi | H11: A. Proses pembangunan/ pengembangan aplikasi telah direviu dan dievaluasi serta ditindaklanjuti B. Perangkat Daerah melakukan Pembangunan/Pengembangan Aplikasi sesuai Rekomendasi Kementerian PAN RB C. Dokumentasi Proses Pembangunan/Pengembangan Aplikasi sesuai Siklus Pembangunan Aplikasi / SDLC secara lengkap. D. Perangkat Daerah konsultasi dengan Diskominfo dalam proses Pembangunan/ Pengembangan Aplikasi | I11: A/B/C/D | J11: A | K11: =IF(I11="A/B/C/D",IF(J11="A",100,IF(J11="B",65,IF(J11="C",35,IF(J11="D",0,"Blm Diisi"))))) -> 100 | L11: Sesuai dengan standar teknis pembangunan/pengembangan aplikasi di lingkungan Pemerintah Provinsi Sulawesi Tengah (Koordinasi dengan bidang aptika diskominfo) | M11: Dinas Komunikasi & Informatika
E12: f) | F12: Telah memanfaatkan Layanan Pusat Data Pemerintah Daerah | H12: Terdapat aktivitas penggunaan Layanan Pusat Data Pemerintah Daerah | I12: Ya/Tidak | J12: Ya | K12: =IF(I12="Ya/Tidak",IF(J12="Ya",100,IF(J12="Tidak",0,"Blm Diisi"))) -> 100 | L12: Nota Dinas, Surat Permohonan, Surat Balasan, dan Berita Acara Pemanfaatan Pusat Data Pemerintah Daerah | M12: Dinas Komunikasi & Informatika
E13: g) | F13: Telah menggunakan Layanan Jaringan Intra Pemerintah Daerah | H13: Terdapat aktivitas penggunaan Layanan Jaringan Intra Pemerintah Daerah | I13: Ya/Tidak | J13: Ya | K13: =IF(I13="Ya/Tidak",IF(J13="Ya",100,IF(J13="Tidak",0,"Blm Diisi"))) -> 100 | L13: Nota Dinas, Surat Permohonan, Surat Balasan, dan Berita Acara Pemanfaatan Jaringan Intra Pemerintah Daerah, Laporan Pemanfaatan | M13: Dinas Komunikasi & Informatika
E14: h) | F14: Telah menggunakan Sistem Penghubung Layanan Pemerintah Daerah | H14: Terdapat aktivitas penggunaan Sistem Penghubung Layanan Pemerintah Daerah | I14: Ya/Tidak | J14: Ya | K14: =IF(I14="Ya/Tidak",IF(J14="Ya",100,IF(J14="Tidak",0,"Blm Diisi"))) -> 100 | L14: Surat Edaran, Surat Permohonan, Surat Balasan, dan Berita Acara Pemanfaatan Sistem Penghubung Layanan Pemerintah Daerah | M14: Dinas Komunikasi & Informatika
E15: i) | F15: Telah terdapat Tim Pelaksana SPBE Perangkat Daerah | H15: Terdapat Tim Pelaksana SPBE Perangkat Daerah yang salah satu fungsinya adalah melakukan koordinasi dengan Instansi Penganggungjawab SPBE terkait penerapan SPBE di Perangkat Daerah/Unit Kerja | I15: Ya/Tidak | J15: Ya | K15: =IF(I15="Ya/Tidak",IF(J15="Ya",100,IF(J15="Tidak",0,"Blm Diisi"))) -> 100 | L15: Surat Perintah Tim Pengelola TIK/SPBE/Tim Layanan Digital | M15: Dinas Komunikasi & Informatika
E16: j) | F16: Telah menerapkan Manajemen Risiko SPBE | H16: Terdapat Dokumen Manajemen Risiko SPBE | I16: Ya/Tidak | J16: Ya | K16: =IF(I16="Ya/Tidak",IF(J16="Ya",100,IF(J16="Tidak",0,"Blm Diisi"))) -> 100 | L16: Dokumen Manajemen Risiko SPBE PD | M16: Dinas Komunikasi & Informatika
E17: k) | F17: Telah melakukan self-assessment Indeks KAMI | H17: Terdapat Dokumen/Laporan Self-Assessment Indeks KAMI | I17: Ya/Tidak | J17: Ya | K17: =IF(I17="Ya/Tidak",IF(J17="Ya",100,IF(J17="Tidak",0,"Blm Diisi"))) -> 100 | L17: Laporan pelaksanaan Indeks KAMI (Diskominfo), Dashboard Indeks KAMI (PD lain) | M17: Dinas Komunikasi & Informatika
E18: l) | F18: Telah menerapkan Tanda Tangan Elektronik pada Naskah Dokumen Elektronik | H18: Terdapat Laporan Rekapitulasi Pemanfaatan Penggunaan Tanda Tangan Elektronik | I18: Ya/Tidak | J18: Ya | K18: =IF(I18="Ya/Tidak",IF(J18="Ya",100,IF(J18="Tidak",0,"Blm Diisi"))) -> 100 | L18: Laporan Rekapitulasi Pemanfaatan Penggunaan Tanda Tangan Elektronik | M18: Dinas Komunikasi & Informatika
E19: m) | F19: Telah melaksanakan Manajemen Data | H19: Terdapat Dokumen Manajemen Data (mencakup pengelolaan arsitektur data (bid. statistik), data induk, data referensi (tiap PD berbeda, mengacu ke pusat), basis data, kualitas data (data ada di JDS), dan interoperabilitas data) | I19: Ya/Tidak | J19: Ya | K19: =IF(I19="Ya/Tidak",IF(J19="Ya",100,IF(J19="Tidak",0,"Blm Diisi"))) -> 100 | L19: Dokumen Manajemen Data PD (List user, log aktivitas, dataset PD) | M19: Dinas Komunikasi & Informatika
E20: n) | F20: Telah menerapkan Manajemen Aset TIK | H20: Terdapat Dokumen/Laporan Manajemen Aset TIK | I20: Ya/Tidak | J20: Ya | K20: =IF(I20="Ya/Tidak",IF(J20="Ya",100,IF(J20="Tidak",0,"Blm Diisi"))) -> 100 | L20: Dokumen Manajemen Aset TIK PD | M20: Dinas Komunikasi & Informatika
E21: o) | F21: Telah dilakukan pemenuhan kompetensi Sumber Daya Manusia TIK | H21: Terdapat Dokumen/Laporan Pemenuhan Kompetensi Sumber Daya Manusia TIK | I21: Ya/Tidak | J21: Ya | K21: =IF(I21="Ya/Tidak",IF(J21="Ya",100,IF(J21="Tidak",0,"Blm Diisi"))) -> 100 | L21: Dokumen Okupasi Pemetaan Kompetensi SDM TIK PD | M21: Dinas Komunikasi & Informatika
D22: 1.2 | E22: Tingkat Kematangan Kapabilitas Layanan | G22: 30 | K22: =AVERAGE(K23:K36)*G22% -> 30
E23: a) | F23: Telah Menggunakan Layanan Perencanan Berbasis Elektronik | H23: Telah menggunakan Sistem Informasi Pembangunan Daerah (SIPD) dimensi perencanaan | I23: Ya/Tidak | J23: Ya | K23: =IF(I23="Ya/Tidak",IF(J23="Ya",100,IF(J23="Tidak",0,"Blm Diisi"))) -> 100 | L23: Screenshot Pemanfaatan SIPD (Perencanaan) | M23: Dinas Komunikasi & Informatika
E24: b) | F24: Telah Menggunakan Layanan Penganggaran Berbasis Elektronik | H24: Telah menggunakan Sistem Informasi Pembangunan Daerah (SIPD) dimensi penganggaran | I24: Ya/Tidak | J24: Ya | K24: =IF(I24="Ya/Tidak",IF(J24="Ya",100,IF(J24="Tidak",0,"Blm Diisi"))) -> 100 | L24: Screenshot Pemanfaatan SIPD (Penganggaran) | M24: Dinas Komunikasi & Informatika
E25: c) | F25: Telah Menggunakan Layanan Keuangan Berbasis Elektronik | H25: Telah menggunakan Sistem Informasi Penatausahaan Keuangan Daerah (SIKD) | I25: Ya/Tidak | J25: Ya | K25: =IF(I25="Ya/Tidak",IF(J25="Ya",100,IF(J25="Tidak",0,"Blm Diisi"))) -> 100 | L25: Screenshot Pemanfaatan SIPD (Penatausahaan Keuangan Daerah) | M25: Dinas Komunikasi & Informatika
E26: d) | F26: Telah Menggunakan Layanan Pengadaan Barang/Jasa Berbasis Elektronik | H26: Telah mengunakan Sistem Pengadaan Secara Elektronik (SPSE) | I26: Ya/Tidak | J26: Ya | K26: =IF(I26="Ya/Tidak",IF(J26="Ya",100,IF(J26="Tidak",0,"Blm Diisi"))) -> 100 | L26: Screenshot Pemanfaatan SPSE | M26: Dinas Komunikasi & Informatika
E27: e) | F27: Telah Menggunakan Layanan Kepegawaian Berbasis Elektronik | H27: Telah menggunakan SIAP Sulteng | I27: Ya/Tidak | J27: Ya | K27: =IF(I27="Ya/Tidak",IF(J27="Ya",100,IF(J27="Tidak",0,"Blm Diisi"))) -> 100 | L27: Screenshot Pemanfaatan SIAP Sulteng dan menu-menu layanan kepegawaian di dalam SIAP Sulteng (untuk PD lain) | M27: Dinas Komunikasi & Informatika
E28: f) | F28: Telah Menggunakan Layanan Kearsipan Dinamis Berbasis Elektronik | H28: Telah menggunakan SRIKANDI | I28: Ya/Tidak | J28: Ya | K28: =IF(I28="Ya/Tidak",IF(J28="Ya",100,IF(J28="Tidak",0,"Blm Diisi"))) -> 100 | L28: Screenshot Pemanfaatan SRIKANDI | M28: Dinas Komunikasi & Informatika
E29: g) | F29: Telah Menggunakan Layanan Pengelolaan Barang Milik Daerah Berbasis Elektronik | H29: Telah menggunakan aplikasi terkait Aset (BMD) | I29: Ya/Tidak | J29: Ya | K29: =IF(I29="Ya/Tidak",IF(J29="Ya",100,IF(J29="Tidak",0,"Blm Diisi"))) -> 100 | L29: Screenshot Pemanfaatan Aplikasi Aset | M29: Dinas Komunikasi & Informatika
E30: h) | F30: Telah Menggunakan Layanan Pengawasan Internal Pemerintah Berbasis Elektronik | H30: Telah menggunakan Sistem Pengawasan Internal Pemerintah (SPIP) | I30: Ya/Tidak | J30: Ya | K30: =IF(I30="Ya/Tidak",IF(J30="Ya",100,IF(J30="Tidak",0,"Blm Diisi"))) -> 100 | L30: Screenshot Pemanfaatan Aplikasi SPIP | M30: Dinas Komunikasi & Informatika
E31: i) | F31: Telah Menggunakan Layanan Akuntabilitas Kinerja Organisasi Berbasis Elektronik | H31: Telah menggunakan (e-SAKIP) | I31: Ya/Tidak | J31: Ya | K31: =IF(I31="Ya/Tidak",IF(J31="Ya",100,IF(J31="Tidak",0,"Blm Diisi"))) -> 100 | L31: Screenshot Pemanfaatan Aplikasi Sistem AKIP (Biro Organisasi dan Kemenpanrb) | M31: Dinas Komunikasi & Informatika
E32: j) | F32: Telah Menggunakan Layanan Kinerja Pegawai Berbasis Elektronik | H32: Telah menggunakan eKinerja | I32: Ya/Tidak | J32: Ya | K32: =IF(I32="Ya/Tidak",IF(J32="Ya",100,IF(J32="Tidak",0,"Blm Diisi"))) -> 100 | L32: Screenshot Pemanfaatan eKinerja | M32: Dinas Komunikasi & Informatika
E33: k) | F33: Telah Menggunakan Layanan Pengaduan Pelayanan Publik Berbasis Elektronik | H33: Telah menggunakan SP4N-LAPOR | I33: Ya/Tidak | J33: Ya | K33: =IF(I33="Ya/Tidak",IF(J33="Ya",100,IF(J33="Tidak",0,"Blm Diisi"))) -> 100 | L33: Rekap pengelolaan pengaduan | M33: Dinas Komunikasi & Informatika
E34: l) | F34: Telah menggunakan Layanan Data Terbuka Berbasis Elektronik | H34: Telah menggunakan aplikasi Open Data | I34: Ya/Tidak | J34: Ya | K34: =IF(I34="Ya/Tidak",IF(J34="Ya",100,IF(J34="Tidak",0,"Blm Diisi"))) -> 100 | L34: Respon PD terkait Form Permintaan Data | M34: Dinas Komunikasi & Informatika
... E36: n) | F36: Telah Memiliki Layanan Berbasis Elektronik | H36: Telah memiliki layanan berbasis elektronik sesuai dengan core bisnis Perangkat Daerah | I36: Ya/Tidak | J36: Ya | K36: =IF(I36="Ya/Tidak",IF(J36="Ya",100,IF(J36="Tidak",0,"Blm Diisi"))) -> 100 | L36: Dokumentasi pengembangan layanan berbasis elektronik (sesuai siklus SDLC, manualbook, vidio penggunaan) | M36: Dinas Komunikasi & Informatika
D37: 1.3 | E37: Penyelenggaraan Statistik Sektoral | G37: 20 | K37: =AVERAGE(K38:K41)*G37% -> 20
E38: a) | F38: Telah Memiliki Standar Data Statistik | H38: Telah memiliki standar data statistik yang lengkap untuk semua Indikator Kinerja Utama (IKU) yang diampu dinas Rumus: (Jumlah IKU yang memiliki standar data dibagi jumlah total IKU) * 100% | I38: 0-100 | J38: 100 | K38: =J38 -> 100 | L38: Dokumen standar data IKU Perangkat Daerah yang sesuai dengan Peraturan BPS no. 4 Tahun 2021 tentang SDSN | M38: Dinas Komunikasi & Informatika
E39: b) | F39: Persentase Data yang Memiliki Metadata | H39: Tersedianya metadata terstandar (sesuai Perka BPS No. 5 Tahun 2020) untuk semua IKU Rumus: (Jumlah metadata IKU yang tersedia dibagi jumlah total IKU) * 100% | I39: 0-100 | J39: 100 | K39: =J39 -> 100 | L39: Dokumen metadata IKU Perangkat Daerah sesuai dengan Peraturan BPS no. 5 Tahun 2020 tentang Petunjuk Teknis Metadata Statistik | M39: Dinas Komunikasi & Informatika
E40: c) | F40: Persentase Keterisian Data Prioritas (Relevansi) | H40: Persentase keterisian data prioritas Rumus: (Jumlah data prioritas yang tersedia di Satu Data dibagi Potensi data prioritas) * 100% | I40: 0-100 | J40: 100 | K40: =J40 -> 100 | L40: List data prioritas dari masing-masing Perangkat Daerah (dari Bappeda) | M40: Dinas Komunikasi & Informatika
E41: d) | F41: Persentase Data yang Dirilis sesuai Jadwal (Aktualisasi & Ketepatan Waktu) | H41: Persentase data prioritas yang terupdate sesuai waktu A = 100% terupdate B = 75% terupdate C = 50% terupdate D = 25% terupdate E = belum terupdate (0%) | I41: A/B/C/D/E | J41: A | K41: =IF(J41="E",0,IF(J41="D",25,IF(J41="C",50, IF(J41="B",75,100)))) -> 100 | L41: Dokumen jumlah data prioritas yang telah terupdate (per 31 Desember n-1/tahun sebelumnya) pada 30 Juni tahun berjalan | M41: Dinas Komunikasi & Informatika
C42: 2. | D42: Nilai SAKIP Perangkat Daerah | G42: =G43 -> 100 | K42: =K43 -> 100 | L42: Pemenuhan Dokumen Evaluasi SAKIP PD
D43: 2.1 | E43: Nilai Evaluasi Akuntabilitas Kinerja Internal | G43: =SUM(G44:G47) -> 100 | K43: =SUM(K44:K47) -> 100
E44: a) | F44: Aspek Perencanaan Kinerja | G44: 30 | H44: Nilai Hasil Evaluasi Perencanaan Kinerja | I44: 0-30 | J44: 30 | K44: =J44 -> 30 | L44: LHE Hasil Evaluasi Akuntabilitas Kinerja Internal masing-masing perangkat daerah dan/ atau Berita Acara Hasil Evaluasi Akuntabilitas Kinerja Internal | M44: Inspektorat Daerah
E45: b) | F45: Aspek Pengukuran Kinerja | G45: 30 | H45: Nilai Hasil Evaluasi Pengukuran Kinerja | I45: 0-30 | J45: 30 | K45: =J45 -> 30
E46: c) | F46: Aspek Pelaporan Kinerja | G46: 15 | H46: Nilai Hasil Evaluasi Pelaporan Kinerja | I46: 0-15 | J46: 15 | K46: =J46 -> 15
E47: d) | F47: Aspek Evaluasi Akuntabilitas Kinerja Internal | G47: 25 | H47: Nilai Hasil Evaluasi Internal Akuntabilitas Kinerja Internal | I47: 0-25 | J47: 25 | K47: =J47 -> 25
C48: 3. | D48: Capaian IKU Perangkat Daerah | G48: =G49 -> 100 | K48: =K49 -> 100
D49: 3.1 | E49: Tingkat Ketercapaian IKU Perangkat Daerah | G49: =G50 -> 100 | K49: =K50 -> 100
E50: a) | F50: Jumlah IKU Perangkat Daerah Tercapai | G50: 100 | H50: A. Seluruh IKU Perangkat Daerah tercapai (100%) B. Sebagian besar IKU Perangkat Daerah tercapai (>50%) C. Sebagian IKU Perangkat Daerah tercapai (= 50%) D. Sebagian kecil IKU Perangkat Daerah tercapai (≤50%) E. Tidak ada IKU Perangkat Daerah tercapai (0%) | I50: A/B/C/D/E | J50: A | K50: =IF(I50="A/B/C/D/E",IF(J50="A",100,IF(J50="B",75,IF(J50="C",50,IF(J50="D",25,IF(J50="E",0,"Blm Diisi")))))) -> 100 | L50: Laporan Kinerja Instansi Pemerintah (LKIP) Perangkat Daerah Tahun sebelumnya | M50: BAPPEDA & Biro Organisasi
C51: 4. | D51: Tindaklajut Rekomendasi (TLHP) | G51: =G52 -> 100 | H51: Persentase Hasil Tindaklanjut Rekomendasi (TLHP) | K51: =K52 -> 100
D52: 4.1 | E52: Persentasi Penyelesaian Tindaklanjut Hasil Pemerikaan (TLHP) | G52: =SUM(G53:G54) -> 100 | K52: =AVERAGE(K53:K54) -> 100
E53: a) | F53: Tindaklanjut Hasil Pemerikaan BPK RI | G53: 50 | H53: Persentase Hasil Tindaklanjut Rekomendasi (TLHP) BPK RI | I53: 0-100 | J53: 100 | K53: =IF(J53="","Blm diisi",J53) -> 100 | L53: Berita Acara Tindaklanjut Hasil Pemeriksaan/ Laporan Rekapitulasi Tindaklanjut Hasil Pemeriksaan yang di keluarkan oleh BPK RI | M53: Inspektorat Daerah
E54: b) | F54: Tindaklanjut Hasil Pemerikaan APIP | G54: 50 | H54: Persentase Hasil Tindaklanjut Rekomendasi (TLHP) APIP | I54: 0-100 | J54: 100 | K54: =IF(J54="","Blm diisi",J54) -> 100 | L54: Berita Acara Tindaklanjut Hasil Pemeriksaan/ Laporan Rekapitulasi Tindaklanjut Hasil Pemeriksaan yang dikeluarkan oleh Inspektorat | M54: Inspektorat Daerah
C55: 5. | D55: Laporan Realisasi APBD Perangkat Daerah | G55: =SUM(G56:G59) -> 100 | H55: Persentase Capaian Realisasi APBD | K55: =K56+K58 -> 100
D56: 5.1 | E56: Persentasi Realisasi APBD Tahun Sebelumnya | G56: 50 | K56: =K57*G56% -> 50
E57: a) | F57: Realisasi APBD Tahun Sebelumnya | H57: Diisi dengan Persentasi realisasi total APBD dibagi dengan Total APBD masing-masing Perangkat Daerah dikali 100% pada Tahun Sebelumnya Rumus = Realisasi Akhir APBD Tahun Sebelumnya x 100% Total APBD | I57: 0-100 | J57: 100 | K57: =IF(J57="","Blm diisi",J57) -> 100 | L57: Buku Laporan Realisasi Akhir APBD Tahun Sebelumnya | M57: BPKAD
D58: 5.2 | E58: Persentasi Realisasi APBD Tahun Berjalan | G58: 50 | K58: =K59*G58% -> 50
E59: b) | F59: Realisasi APBD Tahun Berjalan | H59: Diisi dengan Persentasi realisasi APBD dibagi dengan Total APBD masing-masing Perangkat Daerah dikali 100% pada Tahun Berjalan Rumus = Realisasi APBD Tahun Berjalan x 100% Total APBD | I59: 0-100 | J59: 100 | K59: =IF(J59="","Blm diisi",J59) -> 100 | L59: Berita Acara Capaian Kinerja APBD Tahun Berjalan | M59: BPKAD
C60: 6. | D60: Indeks Budaya Kerja BerAKHLAK | G60: =G61 -> 100 | K60: =K61 -> 100
D61: 6.1 | E61: Tingkat Implementasi Kamus Kompetensi ASN BerAKHLAK | G61: 100 | K61: =K62 -> 100
E62: a) | F62: Nilai Hasil Survey Implementasi Kamus Kompetensi ASN BerAKHLAK | I62: 0-100 | J62: 100 | K62: =IF(J62="","Blm diisi",J62) -> 100 | L62: Berita Acara Hasil Survey Implementasi Kamus Kompetensi ASN BerAKHLAK Tahun Sebelumnya/Tahun Berjalan | M62: STU
C63: 7. | D63: Nilai Survei Kepuasan Masyarakat | G63: =G64 -> 100 | K63: =K64 -> 100
D64: 7.1 | E64: Nilai Survey Kepuasan Masyarakat Perangkat Daerah | G64: 100 | K64: =K65 -> 100
E65: a) | F65: Hasil Survey Kepuasan Masyarakat pada Aplikasi SKM Terintegrasi | I65: 0-100 | J65: 100 | K65: =IF(J65="","Blm diisi",J65) -> 100 | L65: Berita Acara Survey Kepuasan Masyarakat/screenshoot Aplikasi SKM Terintegrasi Real-Time Tahun Berjalan | M65: Biro Organisasi Setda
C66: 8. | D66: Tingkat Keberhasilan Pembangunan ZI | G66: =G67 -> 100 | K66: =K67 -> 100
D67: 8.1 | E67: Capaian Pelaksanaan Pembangunan Zona Integritas | G67: 100 | K67: =K68*G67% -> 100
E68: a) | F68: Pembangunan Zona Integritas Unit Kerja/Perangkat Daerah | H68: A. Telah memperoleh predikat menuju WBBM B. Telah memperoleh predikat menuju WBK C. Telah dilaksanakan evaluasi oleh TPN D. Telah dilaksanakan evaluasi oleh TPI E. Telah dilaksanakan Pencananangan ZI Unit Kerja F. Belum dilakukan Pencanangan Zona Integritas | I68: A/B/C/D/E/F | J68: A | K68: =IF(I68="A/B/C/D/E/F",IF(J68="A",100,IF(J68="B",80,IF(J68="C",60,IF(J68="D",40,IF(J68="E",20,IF(J68="F",0,"Blm Diisi"))))))) -> 100 | L68: Berita Acara Hasil Evaluasi TPI dan/atau Laporan Hasil Evaluasi TPN dan/atau Piagam Penghargaan Capaian Predikat WBK/WBBM pada unit kerja | M68: Inspektorat Daerah
B69: B. | C69: Capaian Pelaksanaan Kebijakan RB | G69: =AVERAGE(G70,G108,G119,G128,G131,G139) -> 100 | K69: =AVERAGE(K70,K108,K119,K128,K131,K139) -> 100
C70: 1. | D70: Indeks Kualitas Pelayanan Publik | G70: 100 | K70: =SUM(K71,K81,K87,K94,K99,K104) -> 100
D71: 1.1 | E71: Kebijakan Pelayanan | G71: 24 | K71: =AVERAGE(K72:K80)*G71% -> 24
E72: a) | F72: Tersedia Standar Pelayanan (SP) sesuai dengan ketentuan peraturan perundang-undangan yang berlaku | H72: A. Tidak tersedia Standar Pelayanan B. Tersedia SP namun tidak memenuhi 14 Komponen C. Tersedia SP yang memenuhi 14 komponen D. Tersedia SP yang memenuhi 14 komponen dan dilakukan penetapan E. Tersedia SP yang memenuhi 14 komponen, melibatkan masyarakat dalam penyusunan SP, dan dilakukan penetapan F. Tersedia SP yang memenuhi 14 komponen, melibatkan masyarakat dalam penyusunan SP, dilakukan penetapan, dan dilakukan monev | I72: A/B/C/D/E/F | J72: A | K72: =IF(I72="A/B/C/D/E/F",IF(J72="A",100,IF(J72="B",80,IF(J72="C",60,IF(J72="D",40%,IF(J72="E",20%,IF(J72="F",10%,"Blm Diisi"))))))) -> 100 | L72: 1. Dokumen yang menunjukkan ketersediaan Standar Pelayanan dan Maklumat Pelayanan (SK Penetapan) Sesuai PermenPANRB No. 15 Tahun 2014 2. *Jika ada* Dokumen hasil Reviu SP (Berita Acara, Notulensi dan Dokumentasi) 3. Laporan Hasil Survei Kepuasan Masyarakat dan Laporan hasil tindaklanjut hasil SKM sesuai PermenPANRB No. 16 Tahun 2017 4. Laporan pelaksanaan FKP (Surat undangan rapat/pertemuan/ FGD, Berita Acara, Daftar Hadir, Notulensi, Dokumentasi) sesuai PermenPANRB No. 14 Tahun 2017 5. Publikasi baik SP, MP, dan Nilai SKM (Media Cetak/Non Elektronik, Media Elektronik, Media Sosial, SIPPN) | M72: BIRO ORGANISASI
E73: b) | F73: Proses penyusunan dan perubahan SP telah melibatkan unsur masyarakat | H73: A. Penyusunan SP tanpa melibatkan unsur masyarakat dan pihak terkait (stakeholder) B. Penyusunan SP telah melibatkan minimal 1 unsur masyarakat C. Penyusunan SP telah melibatkan minimal 2 unsur masyarakat D. Penyusunan SP telah melibatkan minimal 3 unsur masyarakat E. Penyusunan SP telah melibatkan minimal 4 unsur masyarakat F. Penyusunan SP telah melibatkan lebih dari 4 unsur masyarakat | I73: A/B/C/D/E/F | J73: A | K73: =IF(I73="A/B/C/D/E/F",IF(J73="A",100,IF(J73="B",80,IF(J73="C",60,IF(J73="D",40%,IF(J73="E",20%,IF(J73="F",10%,"Blm Diisi"))))))) -> 100 | M73: BIRO ORGANISASI
E74: c) | F74: Jumlah media publikasi untuk komponen Service Delivery | H74: A. Tidak ada publikasi SP B. Tersedia publikasi SP hanya sebagian dari komponen service delivery baik pada media cetak/non elektronik maupun media elektronik C. Tersedia publikasi SP seluruh komponen service delivery pada 2 atau lebih media publikasi namun belum dipublikasikan pada SIPP Nasional D. Tersedia publikasi SP seluruh komponen service delivery pada 2 media publikasi dan pada SIPP Nasional E. Tersedia publikasi SP seluruh komponen service delivery pada 3 media publikasi dan pada SIPP Nasional F. Tersedia publikasi SP seluruh komponen service delivery pada 4 atau lebih media publikasi dan pada SIPP Nasional | I74: A/B/C/D/E/F | J74: A | K74: =IF(I74="A/B/C/D/E/F",IF(J74="A",100,IF(J74="B",80,IF(J74="C",60,IF(J74="D",40%,IF(J74="E",20%,IF(J74="F",10%,"Blm Diisi"))))))) -> 100 | M74: BIRO ORGANISASI
E75: d) | F75: Telah dilakukan peninjauan ulang secara berkala terhadap Standar Pelayanan | H75: A. Tidak dilaksanakan peninjauan ulang secara berkala terhadap Standar Pelayanan B. Dilakukan peninjauan ulang 3 tahun atau lebih terhadap seluruh jenis layanan C. Dilakukan peninjauan ulang 2 tahun sekali terhadap sebagian jenis layanan D. Dilakukan peninjauan ulang 2 tahun sekali terhadap seluruh jenis layanan E. Dilakukan peninjauan ulang 1 tahun sekali atau lebih cepat terhadap sebagian jenis layanan F. Dilakukan peninjauan ulang 1 tahun sekali atau lebih cepat terhadap seluruh jenis layanan | I75: A/B/C/D/E/F | J75: A | K75: =IF(I75="A/B/C/D/E/F",IF(J75="A",100,IF(J75="B",80,IF(J75="C",60,IF(J75="D",40%,IF(J75="E",20%,IF(J75="F",10%,"Blm Diisi"))))))) -> 100 | M75: BIRO ORGANISASI
E76: e) | F76: Pemenuhan siklus Maklumat Pelayanan (ketersediaan, penetapan, dan publikasi) | H76: A. Tidak tersedia Maklumat Pelayanan B. Tersedia Maklumat Pelayanan namun belum ditetapkan C. Tersedia Maklumat Pelayanan yang sudah ditetapkan namun isinya belum sesuai dengan peraturan perundangan yang berlaku D. Tersedia Maklumat Pelayanan yang sudah ditetapkan dan isinya telah sesuai dengan peraturan perundangan yang berlaku E. Tersedia Maklumat Pelayanan yang sudah ditetapkan, isinya telah sesuai dengan peraturan perundangan yang berlaku, dan dipublikasikan pada media non elektronik F. Tersedia Maklumat Pelayanan yang sudah ditetapkan, isinya telah sesuai dengan peraturan perundangan yang berlaku, dan dipublikasikan pada media non elektronik dan elektronik | I76: A/B/C/D/E/F | J76: A | K76: =IF(I76="A/B/C/D/E/F",IF(J76="A",100,IF(J76="B",80,IF(J76="C",60,IF(J76="D",40%,IF(J76="E",20%,IF(J76="F",10%,"Blm Diisi"))))))) -> 100 | M76: BIRO ORGANISASI
E77: f) | F77: SKM yang dilaksanakan sesuai dengan PermenPANRB | H77: A. Belum melaksanakan SKM B. Sudah melaksanakan SKM namun tidak sesuai dengan PermenPANRB yang berlaku C. Sudah melaksanakan SKM sesuai dengan PermenPANRB yang berlaku D. Sudah melaksanakan SKM sesuai dengan PermenPANRB yang berlaku dan dipublikasikan pada media non-elektronik E. Sudah melaksanakan SKM sesuai dengan PermenPANRB yang berlaku dan dipublikasikan pada media non-elektronik dan elektronik F. Sudah melaksanakan SKM sesuai dengan PermenPANRB yang berlaku dan dipublikasikan pada media non-elektronik dan elektronik serta dilakukan tindak lanjut hasil SKM | I77: A/B/C/D/E/F | J77: A | K77: =IF(I77="A/B/C/D/E/F",IF(J77="A",100,IF(J77="B",80,IF(J77="C",60,IF(J77="D",40%,IF(J77="E",20%,IF(J77="F",10%,"Blm Diisi"))))))) -> 100 | M77: BIRO ORGANISASI
E78: g) | F78: Jumlah media publikasi hasil SKM | H78: A. Tidak dipublikasikan B. SKM dipublikasikan pada 1 (satu) media publikasi C. SKM dipublikasikan pada 2 (dua) media publikasi D. SKM dipublikasikan pada 3 (tiga) media publikasi E. SKM dipublikasikan pada 4 (empat) media publikasi F. SKM dipublikasikan pada lebih dari 4 (empat) media publikasi lainnya | I78: A/B/C/D/E/F | J78: A | K78: =IF(I78="A/B/C/D/E/F",IF(J78="A",100,IF(J78="B",80,IF(J78="C",60,IF(J78="D",40%,IF(J78="E",20%,IF(J78="F",10%,"Blm Diisi"))))))) -> 100 | M78: BAPELITBANGDA
E79: h) | F79: Persentase rencana tindak lanjut hasil SKM yang telah selesai ditindaklanjuti | H79: A. Tidak ada rencana tindak lanjut SKM B. Ada rencana tindak lanjut tapi belum dilaksanakan C. Tindak lanjut hasil SKM dilaksanakan kurang dari 30%, dibuktikan dengan laporan pelaksanaannya D. Tindak lanjut hasil SKM dilaksanakan 30-80%, dibuktikan dengan laporan pelaksanaannya E. Tindak lanjut hasil SKM dilaksanakan lebih dari 80%, dibuktikan dengan laporan pelaksanaannya F. Tindak lanjut hasil SKM dilaksanakan 100%, dibuktikan dengan laporan pelaksanaannya | I79: A/B/C/D/E/F | J79: A | K79: =IF(I79="A/B/C/D/E/F",IF(J79="A",100,IF(J79="B",80,IF(J79="C",60,IF(J79="D",40%,IF(J79="E",20%,IF(J79="F",10%,"Blm Diisi"))))))) -> 100 | M79: BIRO ORGANISASI
E80: i) | F80: Kecepatan tindak lanjut hasil SKM seluruh jenis pelayanan | H80: A. Rekomendasi hasil SKM tidak ditindaklanjuti B. Rekomendasi hasil SKM ditindaklanjuti seluruhnya 1 tahun setelah laporan SKM diterbitkan C. Rekomendasi hasil SKM ditindaklanjuti seluruhnya 9 bulan setelah laporan SKM diterbitkan D. Rekomendasi hasil SKM ditindaklanjuti seluruhnya 6 bulan setelah laporan SKM diterbitkan E. Rekomendasi hasil SKM ditindaklanjuti seluruhnya 3 bulan setelah laporan SKM diterbitkan F. Rekomendasi hasil SKM ditindaklanjuti seluruhnya 1 bulan setelah laporan SKM diterbitkan | I80: A/B/C/D/E/F | J80: A | K80: =IF(I80="A/B/C/D/E/F",IF(J80="A",100,IF(J80="B",80,IF(J80="C",60,IF(J80="D",40%,IF(J80="E",20%,IF(J80="F",10%,"Blm Diisi"))))))) -> 100 | M80: BIRO ORGANISASI
D81: 1.2 | E81: Profesionalisme Sumber Daya Manusia (SDM) | G81: 25 | K81: =AVERAGE(K82:K86)*G81% -> 25 | M81: BIRO ORGANISASI
E82: a) | F82: Tersedia waktu pelayanan yang memudahkan pengguna layanan | H82: A. Tidak memiliki kebijakan jam pelayanan/kerja B. Memiliki kebijakan jam pelayanan/kerja C. Memiliki kebijakan jam pelayanan/kerja dan 1 unsur lainnya D. Memiliki kebijakan jam pelayanan/kerja dan 2 unsur lainnya E. Memiliki kebijakan jam pelayanan/kerja dan 3 unsur lainnya F. Memiliki kebijakan jam pelayanan/kerja dan 4 atau lebih unsur lainnya | I82: A/B/C/D/E/F | J82: A | K82: =IF(I82="A/B/C/D/E/F",IF(J82="A",100,IF(J82="B",80,IF(J82="C",60,IF(J82="D",40%,IF(J82="E",20%,IF(J82="F",10%,"Blm Diisi"))))))) -> 100 | L82: 1. SK/Peraturan yang berlaku terkait Penetapan Jam Kerja (Hari Kerja, Penambahan waktu diluar jam kerja ataupun kondisi tertentu) 2. Publikasi Waktu Pelayanan | M82: BIRO ORGANISASI
E83: b) | F83: Tersedia Kode Etik dan Kode Perilaku Pelaksana dan/atau Budaya Pelayanan di lingkungan instansi | H83: A. Tidak tersedia aturan kode etik dan kode perilaku B. Aturan kode etik dan kode perilaku Pelaksana Pelayanan hanya meliputi nilai dasar hak dan kewajiban C. Aturan kode etik dan kode perilaku Pelaksana Pelayanan meliputi nilai dasar hak kewajiban dan 1 (satu) unsur lainnya D. Aturan kode etik dan kode perilaku Pelaksana Pelayanan meliputi nilai dasar hak dan kewajiban dan 2 (dua) unsur lainnya E. Aturan kode etik dan kode perilaku Pelaksana Pelayanan meliputi nilai dasar hak dan kewajiban dan 3 (tiga) unsur lainnya F. Aturan kode etik dan kode perilaku Pelaksana Pelayanan meliputi nilai dasar hak dan kewajiban dan 4 (empat) unsur lainnya | I83: A/B/C/D/E/F | J83: A | K83: =IF(I83="A/B/C/D/E/F",IF(J83="A",100,IF(J83="B",80,IF(J83="C",60,IF(J83="D",40%,IF(J83="E",20%,IF(J83="F",10%,"Blm Diisi"))))))) -> 100 | L83: 1. Dokumen Penetapan (SK) terkait Kode Etik (Dengan unsur meliputi Hak & Kewajiban, Larangan KKN, Larangan Diskriminasi, Sanksi dan Penghargaan) 2. Publikasi Kode Etik di ruang pelayanan | M83: BIRO ORGANISASI
E84: c) | F84: Tersedia mekanisme yang dibangun untuk menjaga dan meningkatkan motivasi kerja Pelaksana pelayanan | H84: A. Tidak tersedia mekanisme peningkatan motivasi kerja B. Tersedia 1 jenis mekanisme peningkatan motivasi kerja C. Tersedia 2 jenis mekanisme peningkatan motivasi kerja D. Tersedia 3 jenis mekanisme peningkatan motivasi kerja E. Tersedia 4 jenis mekanisme peningkatan motivasi kerja F. Tersedia lebih dari 4 jenis mekanisme peningkatan motivasi kerja | I84: A/B/C/D/E/F | J84: A | K84: =IF(I84="A/B/C/D/E/F",IF(J84="A",100,IF(J84="B",80,IF(J84="C",60,IF(J84="D",40%,IF(J84="E",20%,IF(J84="F",10%,"Blm Diisi"))))))) -> 100 | L84: Dokumentasi Pelaksanaan Kegiatan Peningkatan Motivasi, antara lain dengan pemberian penghargaan, pemberian kesempatan mengikuti diklat, beasiswa, konseling, maupun mekanisme lainnya yang dapat meningkatkan motivasi kerja pegawai | M84: BIRO ORGANISASI
E85: d) | F85: Tersedia kriteria pemberian penghargaan bagi pegawai yang berprestasi | H85: A. Tidak ada pemberian penghargaan B. Ada pemberian penghargaan hanya berdasarkan 1-2 unsur kecuali kinerja C. Ada pemberian penghargaan berdasarkan 3-5 unsur kecuali kinerja D. Ada pemberian penghargaan berdasarkan 1-2 unsur termasuk kinerja E. Ada pemberian penghargaan berdasarkan 3-4 unsur termasuk kinerja F. Ada pemberian penghargaan berdasarkan 5-6 unsur termasuk kinerja | I85: A/B/C/D/E/F | J85: A | K85: =IF(I85="A/B/C/D/E/F",IF(J85="A",100,IF(J85="B",80,IF(J85="C",60,IF(J85="D",40%,IF(J85="E",20%,IF(J85="F",10%,"Blm Diisi"))))))) -> 100 | L85: SK Penetapan oleh Kepala Unit terkait Kriteria Penerima Penghargaan (Umumnya dilihat dari Kinerja Pegawai, Kehadiran, Kerjasama tim, memiliki inovasi, berpenampilan menarik ataupun belum pernah mendapat komplain dari penerima layanan) | M85: BIRO ORGANISASI
E86: e) | F86: Tersedia pelaksana yang menerapkan budaya pelayanan | H86: A. Tidak menerapkan budaya layanan B. Pelaksana pelayanan menerapkan 1 (satu) unsur budaya pelayanan C. Pelaksana pelayanan menerapkan 2 (dua) unsur budaya pelayanan D. Pelaksana pelayanan menerapkan 3 (tiga) unsur budaya pelayanan E. Pelaksana pelayanan menerapkan 4 (empat) unsur budaya pelayanan F. Pelaksana pelayanan menerapkan 5 (lima) unsur budaya pelayanan | I86: A/B/C/D/E/F | J86: A | K86: =IF(I86="A/B/C/D/E/F",IF(J86="A",100,IF(J86="B",80,IF(J86="C",60,IF(J86="D",40%,IF(J86="E",20%,IF(J86="F",10%,"Blm Diisi"))))))) -> 100 | L86: Dokumentasi Petugas Layanan dengan Budaya Pelayanan yakni memakai seragam khusus, memakai Identitas nama, PIN/Atribut/Logo, menerapkan 5S | M86: BIRO ORGANISASI
D87: 1.3 | E87: Sarana dan Prasarana | G87: 18 | K87: =AVERAGE(K88:K93)*G87% -> 18 | M87: BIRO ORGANISASI
E88: a) | F88: Tersedia tempat parkir dengan fasilitas pendukung yang memadai | H88: A. Tidak tersedia tempat parkir B. Tersedia tempat parkir dan memiliki 1 atau lebih fasilitas parkir C. Tersedia tempat parkir dan memiliki 2 atau lebih fasilitas parkir D.Tersedia tempat parkir dan memiliki 3 atau lebih fasilitas parkir E. Tersedia tempat parkir dan memiliki 4 atau lebih fasilitas parkir F. Tersedia tempat parkir dan memiliki 5 atau lebih fasilitas parkir | I88: A/B/C/D/E/F | J88: A | K88: =IF(I88="A/B/C/D/E/F",IF(J88="A",100,IF(J88="B",80,IF(J88="C",60,IF(J88="D",40%,IF(J88="E",20%,IF(J88="F",10%,"Blm Diisi"))))))) -> 100 | L88: Ketersediaan Fasilitas Parkir antara lain Parkir Roda 2 dan Roda 4 yang terpisah dan diberi marka, petugas perkir jika ada, karcis parkir, CCTV, penitipan jaket/helm, dan Kanopi | M88: BIRO ORGANISASI
E89: b) | F89: Tersedia ruang tunggu dengan fasilitas wajib dan pelengkap | H89: A. Tidak tersedia fasilitas apapun B. Tersedia fasilitas wajib C. Tersedia fasilitas wajib dan 1 fasilitas pelengkap D. Tersedia fasilitas wajib dan 2 fasilitas pelengkap E. Tersedia fasilitas wajib dan 3 fasilitas pelengkap F. Tersedia fasilitas wajib dan 4 atau lebih fasilitas pelengkap | I89: A/B/C/D/E/F | J89: A | K89: =IF(I89="A/B/C/D/E/F",IF(J89="A",100,IF(J89="B",80,IF(J89="C",60,IF(J89="D",40%,IF(J89="E",20%,IF(J89="F",10%,"Blm Diisi"))))))) -> 100 | L89: Ketersediaan Fasilitas Ruang Tunggu, dibagi menjadi Fasilitas Wajib (Kursi Tunggu dan Pendingin/sirkulasi ruangan) dan Fasilitas Penunjang (Mesin Antrian, TV, Bahan Bacaan, Pengisi Daya, Wifi, Air Minum dll) | M89: BIRO ORGANISASI
E90: c) | F90: Tersedia sarana toilet pengguna layanan yang layak pakai | H90: A. Tidak tersedia toilet pengguna layanan B. Toilet pengguna layanan dengan 1 kondisi C. Toilet pengguna layanan dengan 2 kondisi D. Toilet pengguna layanan dengan 3 kondisi E. Toilet pengguna layanan dengan 4 kondisi F. Toilet pengguna layanan dengan lebih dari 4 kondisi | I90: A/B/C/D/E/F | J90: A | K90: =IF(I90="A/B/C/D/E/F",IF(J90="A",100,IF(J90="B",80,IF(J90="C",60,IF(J90="D",40%,IF(J90="E",20%,IF(J90="F",10%,"Blm Diisi"))))))) -> 100 | L90: Ketersediaan fasilitas toilet (terpisah laki-laki/perempuan), wastafel, toiletries, air bersih serta terdapat SK petugas membersihkan toilet | M90: BAPELITBANGDA
E91: d) | F91: Tersedia sarana prasarana bagi pengguna layanan kelompok rentan | H91: A. Tidak tersedia sarana prasarana bagi pengguna layanan kelompok rentan B. Tersedia 1-3 sarana prasarana bagi pengguna layanan kelompok rentan C. Tersedia 4-6 sarana prasarana bagi pengguna layanan kelompok rentan D. Tersedia 7-9 sarana prasarana bagi pengguna layanan kelompok rentan E. Tersedia 10-12 sarana prasarana bagi pengguna layanan kelompok rentan F. Tersedia 13 atau lebih sarana prasarana bagi pengguna layanan kelompok rentan | I91: A/B/C/D/E/F | J91: A | K91: =IF(I91="A/B/C/D/E/F",IF(J91="A",100,IF(J91="B",80,IF(J91="C",60,IF(J91="D",40%,IF(J91="E",20%,IF(J91="F",10%,"Blm Diisi"))))))) -> 100 | L91: Ketersediaan Fasilitas Sarpras bagi Kelompok Rentan sesuai dengan Surat Edaran Menteri PANRB Nomor 66 Tahun 2020 | M91: BIRO ORGANISASI
E92: e) | F92: Tersedia sarana prasarana penunjang | H92: A. Tidak tersedia fasilitas penunjang B. Tersedia 1 fasilitas penunjang C. Tersedia 2 fasilitas penunjang D. Tersedia 3 fasilitas penunjang E. Tersedia 4 fasilitas penunjang F. Tersedia 5 atau lebih fasilitas penunjang | I92: A/B/C/D/E/F | J92: A | K92: =IF(I92="A/B/C/D/E/F",IF(J92="A",100,IF(J92="B",80,IF(J92="C",60,IF(J92="D",40%,IF(J92="E",20%,IF(J92="F",10%,"Blm Diisi"))))))) -> 100 | L92: Ketersediaan Fasilitas Penunjang (Fotokopi/ATK, Kotak P3K, APAR, Kantin, Ruang Ibadah, Area Merokok, Jalur Evaluasi, Tempat Sampah dan CCTV) | M92: BIRO ORGANISASI
E93: f) | F93: Sarana Front Office (FO) Informasi di unit layanan | H93: A. Tidak tersedia sarana FO informasi layanan B. Tersedia sarana FO informasi layanan dengan 1 fasilitas C. Tersedia sarana FO informasi layanan dengan 2 fasilitas D.Tersedia sarana FO informasi layanan dengan 3 fasilitas E. Tersedia sarana FO informasi layanan dengan 4 fasilitas F. Tersedia sarana FO informasi layanan dengan 5 atau lebih fasilitas | I93: A/B/C/D/E/F | J93: A | K93: =IF(I93="A/B/C/D/E/F",IF(J93="A",100,IF(J93="B",80,IF(J93="C",60,IF(J93="D",40%,IF(J93="E",20%,IF(J93="F",10%,"Blm Diisi"))))))) -> 100 | L93: Ketersediaan Fasilitas Front Office (Petugas Khusus, Meja/Kursi, Layar Display Informasi, Bahan Cetak Informasi layanan, serta Register Tamu baik manual maupun elektronik) | M93: BAPELITBANGDA
D94: 1.4 | E94: Sistem Informasi Pelayanan Publik | G94: 11 | K94: =AVERAGE(K95:K98)*G94% -> 11 | M94: BIRO ORGANISASI
E95: a) | F95: Tersedia sistem informasi pelayanan publik untuk informasi publik | H95: A. Tidak tersedia sistem informasi pelayanan publik baik elektronik maupun non elektronik B. Tersedia sistem informasi pelayanan publik non elektronik melalui media lisan (pusat informasi) C. Tersedia sistem informasi pelayanan publik non elektronik melalui media lisan (pusat informasi) serta media papan pengumuman dan media cetak D. Tersedia Sistem informasi pelayanan publik elektronik namun belum online (e-kiosk/ display TV/ layar monitor) E. Tersedia Sistem informasi pelayanan publik berbasis online/website F. Sistem informasi pelayanan publik telah online/website dan terhubung dengan sistem informasi pelayanan publik nasional serta telah menginput layanan yang ditetapkan ke dalam sistem informasi pelayanan publik nasional | I95: A/B/C/D/E/F | J95: A | K95: =IF(I95="A/B/C/D/E/F",IF(J95="A",100,IF(J95="B",80,IF(J95="C",60,IF(J95="D",40%,IF(J95="E",20%,IF(J95="F",10%,"Blm Diisi"))))))) -> 100 | L95: Screenshot dari Sistem Informasi yang dimiliki (SIPPN) | M95: BIRO ORGANISASI
E96: b) | F96: Tersedia sistem informasi pelayanan publik pendukung operasional pelayanan | H96: A. Tidak tersedia sistem informasi pendukung operasional pelayanan publik B. Tersedia sistem informasi pendukung operasional pelayanan dengan 1 kondisi C. Tersedia sistem informasi pendukung operasional pelayanan dengan 2 kondisi D. Tersedia sistem informasi pendukung operasional pelayanan dengan 3 kondisi E. Tersedia sistem informasi pendukung operasional pelayanan dengan 4 kondisi F. Tersedia sistem informasi pendukung operasional pelayanan dengan lebih dari 4 kondisi | I96: A/B/C/D/E/F | J96: A | K96: =IF(I96="A/B/C/D/E/F",IF(J96="A",100,IF(J96="B",80,IF(J96="C",60,IF(J96="D",40%,IF(J96="E",20%,IF(J96="F",10%,"Blm Diisi"))))))) -> 100 | L96: Screenshot dari Sistem Informasi Pendukung Layanan (SP4N Lapor!, SKM, Website Pengelola Kepegawaian, FAQ, Pengelolaan keuangan pelayanan publik bagi layanan berbayar) | M96: BIRO ORGANISASI
E97: c) | F97: Kualitas penggunaan SIPP Elektronik (Website/Aplikasi) | H97: A. SIPP Elektronik tidak terhubung secara daring B. SIPP Elektronik berbasis website/aplikasi mudah dioperasikan C. SIPP Elektronik berbasis website/aplikasi mudah dioperasikan, mudah diakses D.SIPP Elektronik berbasis website/aplikasi mudah dioperasikan, mudah diakses, navigasi yang mudah dipahami E. SIPP Elektronik berbasis website/aplikasi yang mudah dioperasikan, mudah diakses, navigasi yang mudah dipahami, merupakan kanal digital resmi pemerintah (domain.go.id) F. SIPP Elektronik berbasis website/aplikasi yang mudah dioperasikan, mudah diakses, navigasi yang mudah dipahami, merupakan kanal digital resmi pemerintah (domain.go.id) dan kompatibel | I97: A/B/C/D/E/F | J97: A | K97: =IF(I97="A/B/C/D/E/F",IF(J97="A",100,IF(J97="B",80,IF(J97="C",60,IF(J97="D",40%,IF(J97="E",20%,IF(J97="F",10%,"Blm Diisi"))))))) -> 100 | L97: Screenshot dari Sistem Informasi yang dimiliki berupa website dengan melihat aspek yakni tata letak, kejelasan menu, kemudahan bagi pengguna website, kompatibilitas tampilan website serta domain situs pemerintahan | M97: BIRO ORGANISASI
E98: d) | F98: Pemutakhiran data dan informasi kanal digital | H98: A.Tersedia data dan informasi pelayanan publik yang tidak dimutakhirkan B. Pemutakhiran data dan informasi pelayanan publik telah dilakukan secara tahunan C. Pemutakhiran data dan informasi pelayanan publik telah dilakukan secara semesteran D.Pemutakhiran data dan informasi pelayanan publik secara bulanan E. Pemutakhiran data dan informasi pelayanan publik dilakukan secara mingguan F. Pemutakhiran data dan informasi pelayanan publik dilakukan secara harian dan detail/sangat lengkap | I98: A/B/C/D/E/F | J98: A | K98: =IF(I98="A/B/C/D/E/F",IF(J98="A",100,IF(J98="B",80,IF(J98="C",60,IF(J98="D",40%,IF(J98="E",20%,IF(J98="F",10%,"Blm Diisi"))))))) -> 100 | L98: Screenshot Pemutakhiran/Unggahan Berkala yang dilakukan oleh Unit Pelayanan | M98: BIRO ORGANISASI
D99: 1.5 | E99: Konsultasi dan Pengaduan | G99: 10 | K99: =AVERAGE(K100:K103)*G99% -> 10 | M99: BAPELITBANGDA
E100: a) | F100: Tersedia sarana konsultasi dan pengaduan secara tatap muka yang berkualitas | H100: A.Tidak tersedia Sarana konsultasi pengaduan pengguna layanan B. Sarana konsultasi pengaduan pengguna layanan dengan 1 fasilitas C. Sarana konsultasi pengaduan pengguna layanan dengan 2 fasilitas D. Sarana konsultasi pengaduan pengguna layanan dengan 3 fasilitas E. Sarana konsultasi pengaduan pengguna layanan dengan 4 fasilitas F. Sarana konsultasi pengaduan pengguna layanan dengan 5 atau lebih fasilitas | I100: A/B/C/D/E/F | J100: A | K100: =IF(I100="A/B/C/D/E/F",IF(J100="A",100,IF(J100="B",80,IF(J100="C",60,IF(J100="D",40%,IF(J100="E",20%,IF(J100="F",10%,"Blm Diisi"))))))) -> 100 | L100: Ketersediaan Sarana pada ruang Konsultasi dan Pengaduan, berupa Kotak Saran, Ruang Khusus, Petugas Khusus, Air Minum, Register Tamu, serta publikasi terkait informasi mekanisme konsultasi pengaduan (dapat berupa poster/spanduk/buku/bahan cetak lainnya) | M100: BIRO ORGANISASI
E101: b) | F101: Tersedia sarana dan media konsultasi serta pengaduan yang bisa dimanfaatkan semua lapisan masyarakat | H101: A. Tidak ada sarana dan petugas B. Hanya terdapat media konsultasi dan pengaduan secara offline menyatu dengan front office C. Hanya terdapat media konsultasi dan pengaduan secara offline namun terpisah dengan front office D. Terdapat media konsultasi dan pengaduan secara offline menyatu satu dengan front office dan tersedia secara online E. Terdapat media konsultasi dan pengaduan secara offline secara terpisah dari front office, serta tersedia secara online F. Terdapat media konsultasi dan pengaduan secara offline terpisah dari front office, dan terhubung dengan SP4N-LAPOR! | I101: A/B/C/D/E/F | J101: A | K101: =IF(I101="A/B/C/D/E/F",IF(J101="A",100,IF(J101="B",80,IF(J101="C",60,IF(J101="D",40%,IF(J101="E",20%,IF(J101="F",10%,"Blm Diisi"))))))) -> 100 | L101: Screenshot media konsultasi pengaduan maupun keterhubugan Instansi dengan SP4N Lapor diambil dari tampilan login admin | M101: BIRO ORGANISASI
...

Sheet INDIKATOR EVALUASI SPBE OPD
A1: Indikator Penilaian | G1: Bobot Nilai | H1: Penjelasan/Parameter/Instrumen Evaluasi | I1: Pilihan Jawaban | J1: Jawaban | K1: Nilai | L1: Bukti Dukung | M1: Penanggungjawab Evaluasi
A2: 1 | G2: 2 | H2: 3 | I2: 4 | J2: 5 | K2: 6 | L2: 7 | M2: 8
A3: I. | B3: RB GENERAL PD | G3: =AVERAGE(G4,G69,G145) -> 100 | K3: =AVERAGE(K4,K69,K145) -> 100
B4: A. | C4: Capaian Sasaran Strategis | G4: =AVERAGE(G5,G42,G48,G51,G55,G60,G63,G66) -> 100 | K4: =AVERAGE(K5,K42,K48,K51,K55,K60,K63,K66) -> 100
C5: 1. | D5: Tingkat Kematangan SPBE Perangkat Daerah | G5: =G6+G22+G37 -> 100 | H5: Nilai Kematangan Penerapan SPBE Perangkat Daerah | K5: =K6+K22+K37 -> 100
D6: 1.1 | E6: Tingkat Kematangan Kapabilitas Proses | G6: 50 | K6: =AVERAGE(K7:K21)*G6% -> 50
E7: a) | F7: Telah Memiliki Dokumen Arsitektur SPBE Perangkat Daerah | H7: A. Sudah Menyusun Arsitektur SPBE Domain Proses Bisnis, Layanan, Data dan Informasi, dan Aplikasi B. Sudah Menyusun Arsitektur SPBE Domain Proses Bisnis, Layanan dan Data dan Informasi C. Sudah Menyusun Arsitektur SPBE Domain Proses Bisnis dan Layanan D. Sudah Menyusun Arsitektur SPBE Domain Proses Bisnis | I7: A/B/C/D | J7: A | K7: =IF(I7="A/B/C/D",IF(J7="A",100,IF(J7="B",65,IF(J7="C",35,IF(J7="D",0,"Blm Diisi"))))) -> 100 | L7: Template excel versi Kemanpanrb 1. Domain Proses Bisnis (sampai level n dan kelengkapan metadata) 2. Domain Layanan (selaras dengan Standar Pelayanan Minimal/SPM dan/atau Standar Pelayanan/SP) 3. Domain Aplikasi (selaras dengan Layanan dan data/informasi-nya) 4. Domain Data dan Informasi (selaras dengan Aplikasi layanan, Aplikasi Satu Data/Satu Peta, dan Sistem Penghubung Layanan/SPL ataupun API) 5. Domain Infrastruktur (optional/wajib bagi yang memiliki infrastruktur sendiri dan memanfaatkan Pusat Data Nasional) 6. Domain Keamanan Informasi (optional/wajib bagi yang telah menerapkan Sistem Manajemen Keamanan Informasi/ISO 27001) | M7: Dinas Komunikasi & Informatika
E8: b) | F8: Telah Memiliki Dokumen Peta Rencana (Roadmap) Penerapan SPBE Perangkat Daerah | H8: Terdapat dokumen peta rencana (roadmap) SPBE | I8: Ya/Tidak | J8: Ya | K8: =IF(I8="Ya/Tidak",IF(J8="Ya",100,IF(J8="Tidak",0,"Blm Diisi"))) -> 100 | L8: Roadmap TIK yang dimiliki PD (Dokumen peta jalan TIK/Rencana Induk TIK/Masterplan Pengembangan TIK) dan Renstra PD | M8: Dinas Komunikasi & Informatika
E9: c) | F9: Telah mengalokasikan anggaran pelaksanaan SPBE setiap tahunnya | H9: A. Tindak lanjut hasil evaluasi Anggaran SPBE dalam bentuk RKA/ DPA TA berikutnya B. Terdapat dokumentasi hasil reviu dan evaluasi Anggaran SPBE C. Rencana dan Anggaran SPBE dikonsultasikan ke Diskominfo D. Terdapat Alokasi anggaran pelaksanaan SPBE setiap tahunnya pada Dokumen Pelaksanaan Anggaran | I9: A/B/C/D | J9: A | K9: =IF(I9="A/B/C/D",IF(J9="A",100,IF(J9="B",65,IF(J9="C",35,IF(J9="D",0,"Blm Diisi"))))) -> 100 | L9: Alokasi anggaran TIK diselaraskan antara roadmap dengan renstra | M9: Dinas Komunikasi & Informatika
E10: d) | F10: Telah melaksanakan Inovasi Peta Proses Bisnis | H10: A. Tindak Lanjut Evaluasi Proses Bisnis diterapkan kembali ke Sistem Elektronik Versi Berikutnya B. Reviu dan Evaluasi Proses Bisnis yang sudah diterapkan ke dalam Sistem Elektronik C. Terdapat Proses Bisnis yang sudah diterapkan ke dalam Sistem Elektronik D. Sudah Memiliki Peta Proses Bisnis | I10: A/B/C/D | J10: A | K10: =IF(I10="A/B/C/D",IF(J10="A",100,IF(J10="B",65,IF(J10="C",35,IF(J10="D",0,"Blm Diisi"))))) -> 100 | L10: Identifikasi inovasi berbasis TIK baru yang berbeda dengan proses bisnis sebelumnya | M10: Dinas Komunikasi & Informatika
E11: e) | F11: Telah menerapkan proses pembangunan Aplikasi SPBE sesuai siklus pembangunan aplikasi | H11: A. Proses pembangunan/ pengembangan aplikasi telah direviu dan dievaluasi serta ditindaklanjuti B. Perangkat Daerah melakukan Pembangunan/Pengembangan Aplikasi sesuai Rekomendasi Kementerian PAN RB C. Dokumentasi Proses Pembangunan/Pengembangan Aplikasi sesuai Siklus Pembangunan Aplikasi / SDLC secara lengkap. D. Perangkat Daerah konsultasi dengan Diskominfo dalam proses Pembangunan/ Pengembangan Aplikasi | I11: A/B/C/D | J11: A | K11: =IF(I11="A/B/C/D",IF(J11="A",100,IF(J11="B",65,IF(J11="C",35,IF(J11="D",0,"Blm Diisi"))))) -> 100 | L11: Sesuai dengan standar teknis pembangunan/pengembangan aplikasi di lingkungan Pemerintah Provinsi Sulawesi Tengah (Koordinasi dengan bidang aptika diskominfo) | M11: Dinas Komunikasi & Informatika
E12: f) | F12: Telah memanfaatkan Layanan Pusat Data Pemerintah Daerah | H12: Terdapat aktivitas penggunaan Layanan Pusat Data Pemerintah Daerah | I12: Ya/Tidak | J12: Ya | K12: =IF(I12="Ya/Tidak",IF(J12="Ya",100,IF(J12="Tidak",0,"Blm Diisi"))) -> 100 | L12: Nota Dinas, Surat Permohonan, Surat Balasan, dan Berita Acara Pemanfaatan Pusat Data Pemerintah Daerah | M12: Dinas Komunikasi & Informatika
E13: g) | F13: Telah menggunakan Layanan Jaringan Intra Pemerintah Daerah | H13: Terdapat aktivitas penggunaan Layanan Jaringan Intra Pemerintah Daerah | I13: Ya/Tidak | J13: Ya | K13: =IF(I13="Ya/Tidak",IF(J13="Ya",100,IF(J13="Tidak",0,"Blm Diisi"))) -> 100 | L13: Nota Dinas, Surat Permohonan, Surat Balasan, dan Berita Acara Pemanfaatan Jaringan Intra Pemerintah Daerah, Laporan Pemanfaatan | M13: Dinas Komunikasi & Informatika
E14: h) | F14: Telah menggunakan Sistem Penghubung Layanan Pemerintah Daerah | H14: Terdapat aktivitas penggunaan Sistem Penghubung Layanan Pemerintah Daerah | I14: Ya/Tidak | J14: Ya | K14: =IF(I14="Ya/Tidak",IF(J14="Ya",100,IF(J14="Tidak",0,"Blm Diisi"))) -> 100 | L14: Surat Edaran, Surat Permohonan, Surat Balasan, dan Berita Acara Pemanfaatan Sistem Penghubung Layanan Pemerintah Daerah | M14: Dinas Komunikasi & Informatika
E15: i) | F15: Telah terdapat Tim Pelaksana SPBE Perangkat Daerah | H15: Terdapat Tim Pelaksana SPBE Perangkat Daerah yang salah satu fungsinya adalah melakukan koordinasi dengan Instansi Penganggungjawab SPBE terkait penerapan SPBE di Perangkat Daerah/Unit Kerja | I15: Ya/Tidak | J15: Ya | K15: =IF(I15="Ya/Tidak",IF(J15="Ya",100,IF(J15="Tidak",0,"Blm Diisi"))) -> 100 | L15: Surat Perintah Tim Pengelola TIK/SPBE/Tim Layanan Digital | M15: Dinas Komunikasi & Informatika
E16: j) | F16: Telah menerapkan Manajemen Risiko SPBE | H16: Terdapat Dokumen Manajemen Risiko SPBE | I16: Ya/Tidak | J16: Ya | K16: =IF(I16="Ya/Tidak",IF(J16="Ya",100,IF(J16="Tidak",0,"Blm Diisi"))) -> 100 | L16: Dokumen Manajemen Risiko SPBE PD | M16: Dinas Komunikasi & Informatika
E17: k) | F17: Telah melakukan self-assessment Indeks KAMI | H17: Terdapat Dokumen/Laporan Self-Assessment Indeks KAMI | I17: Ya/Tidak | J17: Ya | K17: =IF(I17="Ya/Tidak",IF(J17="Ya",100,IF(J17="Tidak",0,"Blm Diisi"))) -> 100 | L17: Laporan pelaksanaan Indeks KAMI (Diskominfo), Dashboard Indeks KAMI (PD lain) | M17: Dinas Komunikasi & Informatika
E18: l) | F18: Telah menerapkan Tanda Tangan Elektronik pada Naskah Dokumen Elektronik | H18: Terdapat Laporan Rekapitulasi Pemanfaatan Penggunaan Tanda Tangan Elektronik | I18: Ya/Tidak | J18: Ya | K18: =IF(I18="Ya/Tidak",IF(J18="Ya",100,IF(J18="Tidak",0,"Blm Diisi"))) -> 100 | L18: Laporan Rekapitulasi Pemanfaatan Penggunaan Tanda Tangan Elektronik | M18: Dinas Komunikasi & Informatika
E19: m) | F19: Telah melaksanakan Manajemen Data | H19: Terdapat Dokumen Manajemen Data (mencakup pengelolaan arsitektur data (bid. statistik), data induk, data referensi (tiap PD berbeda, mengacu ke pusat), basis data, kualitas data (data ada di JDS), dan interoperabilitas data) | I19: Ya/Tidak | J19: Ya | K19: =IF(I19="Ya/Tidak",IF(J19="Ya",100,IF(J19="Tidak",0,"Blm Diisi"))) -> 100 | L19: Dokumen Manajemen Data PD (List user, log aktivitas, dataset PD) | M19: Dinas Komunikasi & Informatika
E20: n) | F20: Telah menerapkan Manajemen Aset TIK | H20: Terdapat Dokumen/Laporan Manajemen Aset TIK | I20: Ya/Tidak | J20: Ya | K20: =IF(I20="Ya/Tidak",IF(J20="Ya",100,IF(J20="Tidak",0,"Blm Diisi"))) -> 100 | L20: Dokumen Manajemen Aset TIK PD | M20: Dinas Komunikasi & Informatika
E21: o) | F21: Telah dilakukan pemenuhan kompetensi Sumber Daya Manusia TIK | H21: Terdapat Dokumen/Laporan Pemenuhan Kompetensi Sumber Daya Manusia TIK | I21: Ya/Tidak | J21: Ya | K21: =IF(I21="Ya/Tidak",IF(J21="Ya",100,IF(J21="Tidak",0,"Blm Diisi"))) -> 100 | L21: Dokumen Okupasi Pemetaan Kompetensi SDM TIK PD | M21: Dinas Komunikasi & Informatika
D22: 1.2 | E22: Tingkat Kematangan Kapabilitas Layanan | G22: 30 | K22: =AVERAGE(K23:K36)*G22% -> 30
E23: a) | F23: Telah Menggunakan Layanan Perencanan Berbasis Elektronik | H23: Telah menggunakan Sistem Informasi Pembangunan Daerah (SIPD) dimensi perencanaan | I23: Ya/Tidak | J23: Ya | K23: =IF(I23="Ya/Tidak",IF(J23="Ya",100,IF(J23="Tidak",0,"Blm Diisi"))) -> 100 | L23: Screenshot Pemanfaatan SIPD (Perencanaan) | M23: Dinas Komunikasi & Informatika
E24: b) | F24: Telah Menggunakan Layanan Penganggaran Berbasis Elektronik | H24: Telah menggunakan Sistem Informasi Pembangunan Daerah (SIPD) dimensi penganggaran | I24: Ya/Tidak | J24: Ya | K24: =IF(I24="Ya/Tidak",IF(J24="Ya",100,IF(J24="Tidak",0,"Blm Diisi"))) -> 100 | L24: Screenshot Pemanfaatan SIPD (Penganggaran) | M24: Dinas Komunikasi & Informatika
E25: c) | F25: Telah Menggunakan Layanan Keuangan Berbasis Elektronik | H25: Telah menggunakan Sistem Informasi Penatausahaan Keuangan Daerah (SIKD) | I25: Ya/Tidak | J25: Ya | K25: =IF(I25="Ya/Tidak",IF(J25="Ya",100,IF(J25="Tidak",0,"Blm Diisi"))) -> 100 | L25: Screenshot Pemanfaatan SIPD (Penatausahaan Keuangan Daerah) | M25: Dinas Komunikasi & Informatika
E26: d) | F26: Telah Menggunakan Layanan Pengadaan Barang/Jasa Berbasis Elektronik | H26: Telah mengunakan Sistem Pengadaan Secara Elektronik (SPSE) | I26: Ya/Tidak | J26: Ya | K26: =IF(I26="Ya/Tidak",IF(J26="Ya",100,IF(J26="Tidak",0,"Blm Diisi"))) -> 100 | L26: Screenshot Pemanfaatan SPSE | M26: Dinas Komunikasi & Informatika
E27: e) | F27: Telah Menggunakan Layanan Kepegawaian Berbasis Elektronik | H27: Telah menggunakan SIAP Sulteng | I27: Ya/Tidak | J27: Ya | K27: =IF(I27="Ya/Tidak",IF(J27="Ya",100,IF(J27="Tidak",0,"Blm Diisi"))) -> 100 | L27: Screenshot Pemanfaatan SIAP Sulteng dan menu-menu layanan kepegawaian di dalam SIAP Sulteng (untuk PD lain) | M27: Dinas Komunikasi & Informatika
E28: f) | F28: Telah Menggunakan Layanan Kearsipan Dinamis Berbasis Elektronik | H28: Telah menggunakan SRIKANDI | I28: Ya/Tidak | J28: Ya | K28: =IF(I28="Ya/Tidak",IF(J28="Ya",100,IF(J28="Tidak",0,"Blm Diisi"))) -> 100 | L28: Screenshot Pemanfaatan SRIKANDI | M28: Dinas Komunikasi & Informatika
E29: g) | F29: Telah Menggunakan Layanan Pengelolaan Barang Milik Daerah Berbasis Elektronik | H29: Telah menggunakan aplikasi terkait Aset (BMD) | I29: Ya/Tidak | J29: Ya | K29: =IF(I29="Ya/Tidak",IF(J29="Ya",100,IF(J29="Tidak",0,"Blm Diisi"))) -> 100 | L29: Screenshot Pemanfaatan Aplikasi Aset | M29: Dinas Komunikasi & Informatika
E30: h) | F30: Telah Menggunakan Layanan Pengawasan Internal Pemerintah Berbasis Elektronik | H30: Telah menggunakan Sistem Pengawasan Internal Pemerintah (SPIP) | I30: Ya/Tidak | J30: Ya | K30: =IF(I30="Ya/Tidak",IF(J30="Ya",100,IF(J30="Tidak",0,"Blm Diisi"))) -> 100 | L30: Screenshot Pemanfaatan Aplikasi SPIP | M30: Dinas Komunikasi & Informatika
E31: i) | F31: Telah Menggunakan Layanan Akuntabilitas Kinerja Organisasi Berbasis Elektronik | H31: Telah menggunakan (e-SAKIP) | I31: Ya/Tidak | J31: Ya | K31: =IF(I31="Ya/Tidak",IF(J31="Ya",100,IF(J31="Tidak",0,"Blm Diisi"))) -> 100 | L31: Screenshot Pemanfaatan Aplikasi Sistem AKIP (Biro Organisasi dan Kemenpanrb) | M31: Dinas Komunikasi & Informatika
E32: j) | F32: Telah Menggunakan Layanan Kinerja Pegawai Berbasis Elektronik | H32: Telah menggunakan eKinerja | I32: Ya/Tidak | J32: Ya | K32: =IF(I32="Ya/Tidak",IF(J32="Ya",100,IF(J32="Tidak",0,"Blm Diisi"))) -> 100 | L32: Screenshot Pemanfaatan eKinerja | M32: Dinas Komunikasi & Informatika
E33: k) | F33: Telah Menggunakan Layanan Pengaduan Pelayanan Publik Berbasis Elektronik | H33: Telah menggunakan SP4N-LAPOR | I33: Ya/Tidak | J33: Ya | K33: =IF(I33="Ya/Tidak",IF(J33="Ya",100,IF(J33="Tidak",0,"Blm Diisi"))) -> 100 | L33: Rekap pengelolaan pengaduan | M33: Dinas Komunikasi & Informatika
E34: l) | F34: Telah menggunakan Layanan Data Terbuka Berbasis Elektronik | H34: Telah menggunakan aplikasi Open Data | I34: Ya/Tidak | J34: Ya | K34: =IF(I34="Ya/Tidak",IF(J34="Ya",100,IF(J34="Tidak",0,"Blm Diisi"))) -> 100 | L34: Respon PD terkait Form Permintaan Data | M34: Dinas Komunikasi & Informatika
... E36: n) | F36: Telah Memiliki Layanan Berbasis Elektronik | H36: Telah memiliki layanan berbasis elektronik sesuai dengan core bisnis Perangkat Daerah | I36: Ya/Tidak | J36: Ya | K36: =IF(I36="Ya/Tidak",IF(J36="Ya",100,IF(J36="Tidak",0,"Blm Diisi"))) -> 100 | L36: Dokumentasi pengembangan layanan berbasis elektronik (sesuai siklus SDLC, manualbook, vidio penggunaan) | M36: Dinas Komunikasi & Informatika
D37: 1.3 | E37: Penyelenggaraan Statistik Sektoral | G37: 20 | K37: =AVERAGE(K38:K41)*G37% -> 20
E38: a) | F38: Telah Memiliki Standar Data Statistik | H38: Telah memiliki standar data statistik yang lengkap untuk semua Indikator Kinerja Utama (IKU) yang diampu dinas Rumus: (Jumlah IKU yang memiliki standar data dibagi jumlah total IKU) * 100% | I38: 0-100 | J38: 100 | K38: =J38 -> 100 | L38: Dokumen standar data IKU Perangkat Daerah yang sesuai dengan Peraturan BPS no. 4 Tahun 2021 tentang SDSN | M38: Dinas Komunikasi & Informatika
E39: b) | F39: Persentase Data yang Memiliki Metadata | H39: Tersedianya metadata terstandar (sesuai Perka BPS No. 5 Tahun 2020) untuk semua IKU Rumus: (Jumlah metadata IKU yang tersedia dibagi jumlah total IKU) * 100% | I39: 0-100 | J39: 100 | K39: =J39 -> 100 | L39: Dokumen metadata IKU Perangkat Daerah sesuai dengan Peraturan BPS no. 5 Tahun 2020 tentang Petunjuk Teknis Metadata Statistik | M39: Dinas Komunikasi & Informatika
E40: c) | F40: Persentase Keterisian Data Prioritas (Relevansi) | H40: Persentase keterisian data prioritas Rumus: (Jumlah data prioritas yang tersedia di Satu Data dibagi Potensi data prioritas) * 100% | I40: 0-100 | J40: 100 | K40: =J40 -> 100 | L40: List data prioritas dari masing-masing Perangkat Daerah (dari Bappeda) | M40: Dinas Komunikasi & Informatika
E41: d) | F41: Persentase Data yang Dirilis sesuai Jadwal (Aktualisasi & Ketepatan Waktu) | H41: Persentase data prioritas yang terupdate sesuai waktu A = 100% terupdate B = 75% terupdate C = 50% terupdate D = 25% terupdate E = belum terupdate (0%) | I41: A/B/C/D/E | J41: A | K41: =IF(J41="E",0,IF(J41="D",25,IF(J41="C",50, IF(J41="B",75,100)))) -> 100 | L41: Dokumen jumlah data prioritas yang telah terupdate (per 31 Desember n-1/tahun sebelumnya) pada 30 Juni tahun berjalan | M41: Dinas Komunikasi & Informatika
